City,Country,Date,Lat,Lng,Max Temp,Humidity,Cloudiness,Wind Speed,Rain inches(Past 3hrs),Snow inches(Past 3hrs)
Shingu,JP,2020-04-06 02:35:54,33.73,135.98,57.2,40,20,14.99,0.0,0.0
Rikitea,PF,2020-04-06 02:35:54,-23.12,-134.97,75.45,66,0,10.4,0.0,0.0
Surt,LY,2020-04-06 02:35:54,31.21,16.59,56.34,68,7,5.06,0.0,0.0
Teguldet,RU,2020-04-06 02:35:54,57.31,88.17,37.81,72,0,10.16,0.0,0.0
Nobres,BR,2020-04-06 02:35:41,-14.72,-56.33,77.49,82,100,1.28,0.33,0.0
San Patricio,MX,2020-04-06 02:35:54,19.22,-104.7,82.4,74,40,8.97,0.0,0.0
Ancud,CL,2020-04-06 02:35:54,-41.87,-73.82,39.2,93,0,5.82,0.0,0.0
La Orilla,MX,2020-04-06 02:35:54,17.98,-102.23,73.76,78,97,3.98,0.0,0.0
Khatanga,RU,2020-04-06 02:32:32,71.97,102.5,27.57,97,100,12.26,0.0,0.12
Ushuaia,AR,2020-04-06 02:34:45,-54.8,-68.3,39.2,84,75,9.17,0.0,0.0
Isangel,VU,2020-04-06 02:35:55,-19.55,169.27,78.4,86,100,18.7,1.91,0.0
Ambanja,MG,2020-04-06 02:35:55,-13.68,48.45,75.0,83,7,3.78,0.8,0.0
Kargil,IN,2020-04-06 02:35:55,34.57,76.1,25.86,24,72,2.59,0.0,0.0
Hithadhoo,MV,2020-04-06 02:35:55,-0.6,73.08,82.89,71,3,3.89,0.0,0.0
Yellowknife,CA,2020-04-06 02:35:55,62.46,-114.35,19.4,52,20,11.41,0.0,0.0
Geraldton,AU,2020-04-06 02:35:55,-28.77,114.6,78.8,47,0,8.05,0.0,0.0
Chuy,UY,2020-04-06 02:35:55,-33.7,-53.46,66.78,79,91,10.29,0.0,0.0
Leningradskiy,RU,2020-04-06 02:35:55,69.38,178.42,1.08,88,100,15.03,0.0,0.0
Albany,US,2020-04-06 02:35:18,42.6,-73.97,53.01,62,75,13.87,0.0,0.0
Bambous Virieux,MU,2020-04-06 02:35:55,-20.34,57.76,77.0,78,40,10.29,0.0,0.0
Kabala,SL,2020-04-06 02:35:55,9.58,-11.55,77.68,70,2,5.59,0.0,0.0
San Cristobal,VE,2020-04-06 02:35:55,7.77,-72.22,70.0,60,98,0.98,0.23,0.0
New Norfolk,AU,2020-04-06 02:35:55,-42.78,147.06,57.99,47,75,10.29,0.0,0.0
Cidreira,BR,2020-04-06 02:35:56,-30.18,-50.21,69.42,86,26,15.59,0.0,0.0
Marystown,CA,2020-04-06 02:35:56,47.17,-55.15,29.3,95,52,2.84,0.0,0.0
Bredasdorp,ZA,2020-04-06 02:35:56,-34.53,20.04,60.8,67,100,11.41,0.0,0.0
Maragogi,BR,2020-04-06 02:35:56,-9.01,-35.22,80.33,83,76,6.78,0.14,0.0
Lebu,CL,2020-04-06 02:35:56,-37.62,-73.65,51.55,83,0,9.55,0.0,0.0
Port Alfred,ZA,2020-04-06 02:35:56,-33.59,26.89,63.99,79,22,13.6,0.0,0.0
Arlit,NE,2020-04-06 02:35:56,18.74,7.39,80.26,12,0,6.62,0.0,0.0
Tromso,NO,2020-04-06 02:35:56,69.65,18.96,15.8,92,100,10.29,0.0,0.0
Talnakh,RU,2020-04-06 02:35:56,69.49,88.4,32.0,96,75,22.37,0.0,0.0
Mataura,NZ,2020-04-06 02:35:57,-46.19,168.86,62.01,86,100,4.0,0.0,0.0
Najran,SA,2020-04-06 02:35:57,17.49,44.13,71.6,37,5,3.85,0.0,0.0
Aleksandrovka,UA,2020-04-06 02:35:57,46.84,32.76,39.0,35,0,14.0,0.0,0.0
Hermanus,ZA,2020-04-06 02:35:57,-34.42,19.23,57.99,93,90,3.0,0.28,0.0
Pevek,RU,2020-04-06 02:35:57,69.7,170.31,-2.88,91,49,9.66,0.0,0.0
Tasiilaq,GL,2020-04-06 02:35:57,65.61,-37.64,14.0,47,100,4.7,0.0,0.0
Tuktoyaktuk,CA,2020-04-06 02:35:57,69.45,-133.04,28.4,74,75,24.16,0.0,0.0
Hofn,IS,2020-04-06 02:35:57,64.25,-15.21,46.27,88,100,15.95,7.61,0.0
Muros,ES,2020-04-06 02:35:57,42.78,-9.06,55.99,100,40,2.24,0.0,0.0
Sistranda,NO,2020-04-06 02:35:57,63.73,8.83,45.0,76,100,14.99,0.0,0.0
Souillac,MU,2020-04-06 02:35:57,-20.52,57.52,77.0,78,40,10.29,0.0,0.0
Champerico,GT,2020-04-06 02:35:58,14.3,-91.92,82.17,72,0,6.08,0.0,0.0
Puerto Ayora,EC,2020-04-06 02:35:58,-0.74,-90.35,80.01,86,6,0.72,0.0,0.0
Dikson,RU,2020-04-06 02:33:03,73.51,80.55,19.27,98,98,6.53,0.0,0.19
Saint-Philippe,RE,2020-04-06 02:35:58,-21.36,55.77,73.4,78,27,5.82,0.0,0.0
Hobart,AU,2020-04-06 02:35:58,-42.88,147.33,57.99,47,75,10.29,0.0,0.0
Asau,RO,2020-04-06 02:35:58,46.43,26.4,34.0,70,0,3.36,0.0,0.0
Atuona,PF,2020-04-06 02:35:58,-9.8,-139.03,81.32,74,27,13.69,0.0,0.0
Punta Arenas,CL,2020-04-06 02:35:58,-53.15,-70.92,41.0,75,75,8.05,0.0,0.0
Bluff,NZ,2020-04-06 02:35:58,-46.6,168.33,62.01,86,100,4.0,0.14,0.0
Kloulklubed,PW,2020-04-06 02:35:58,7.04,134.26,87.8,58,40,10.29,0.0,0.0
Laguna,US,2020-04-06 02:35:58,38.42,-121.42,53.01,76,90,4.7,0.0,0.0
Puerto Madryn,AR,2020-04-06 02:35:59,-42.77,-65.04,48.49,51,0,9.37,0.0,0.0
Norman Wells,CA,2020-04-06 02:35:59,65.28,-126.83,28.4,50,20,18.34,0.0,0.0
Aykhal,RU,2020-04-06 02:35:59,66.0,111.5,32.0,82,92,11.18,0.0,0.0
Raudeberg,NO,2020-04-06 02:35:59,61.99,5.14,53.01,43,100,24.16,0.0,0.0
Busselton,AU,2020-04-06 02:35:59,-33.65,115.33,77.0,28,0,12.01,0.0,0.0
Tiksi,RU,2020-04-06 02:35:59,71.69,128.87,21.33,95,79,18.95,0.0,0.45
Collie,AU,2020-04-06 02:35:59,-33.37,116.15,77.0,28,26,13.18,0.0,0.0
Dumka,IN,2020-04-06 02:35:59,24.27,87.25,91.54,14,0,9.08,0.0,0.0
Le Port,RE,2020-04-06 02:35:59,-20.94,55.29,73.4,73,23,9.17,0.0,0.0
Longyearbyen,SJ,2020-04-06 02:35:59,78.22,15.64,-4.0,76,20,4.7,0.0,0.0
Arraial Do Cabo,BR,2020-04-06 02:36:00,-22.97,-42.03,75.43,69,77,8.01,0.0,0.0
Upernavik,GL,2020-04-06 02:36:00,72.79,-56.15,13.55,81,100,5.93,0.0,0.0
Boke,GN,2020-04-06 02:36:00,10.94,-14.3,72.64,90,0,1.34,0.0,0.0
Usinsk,RU,2020-04-06 02:36:00,65.99,57.53,14.67,96,0,8.75,0.0,0.0
Srednekolymsk,RU,2020-04-06 02:36:00,67.45,153.68,17.26,93,100,10.07,0.0,0.0
Bengkulu,ID,2020-04-06 02:36:01,-3.8,102.27,80.83,74,95,4.16,0.0,0.0
Tuatapere,NZ,2020-04-06 02:36:01,-46.13,167.68,62.01,86,100,4.0,0.41,0.0
Muravlenko,RU,2020-04-06 02:35:06,63.79,74.52,32.32,96,100,2.89,0.0,1.93
Praia,CV,2020-04-06 02:36:01,14.92,-23.51,69.8,77,20,13.87,0.0,0.0
Tilichiki,RU,2020-04-06 02:36:01,60.47,166.1,19.74,91,99,7.99,0.0,0.0
Tateyama,JP,2020-04-06 02:36:01,34.98,139.87,61.0,54,20,6.93,0.0,0.0
Hilo,US,2020-04-06 02:33:50,19.73,-155.09,77.0,69,90,9.17,0.0,0.0
Goryachiy Klyuch,RU,2020-04-06 02:36:01,44.63,39.13,37.99,59,0,6.71,0.0,0.0
Havre De Grace,US,2020-04-06 02:36:02,39.55,-76.09,59.0,81,90,6.93,0.0,0.0
Petropavlovka,RU,2020-04-06 02:36:02,50.61,105.32,40.32,43,8,9.84,0.0,0.0
Bilibino,RU,2020-04-06 02:36:02,68.05,166.44,2.44,82,42,2.37,0.0,0.0
Mareeba,AU,2020-04-06 02:35:46,-17.0,145.43,87.8,62,40,8.05,0.0,0.0
East London,ZA,2020-04-06 02:36:02,-33.02,27.91,66.99,75,65,13.76,0.0,0.0
Grove City,US,2020-04-06 02:36:02,39.88,-83.09,50.0,87,40,6.93,0.0,0.0
Wisconsin Rapids,US,2020-04-06 02:35:27,44.38,-89.82,46.99,45,1,5.82,0.0,0.0
Bairiki,KI,2020-04-06 02:36:02,1.33,172.98,83.48,68,17,6.13,0.0,0.0
Boca Do Acre,BR,2020-04-06 02:36:02,-8.75,-67.4,77.14,80,65,1.52,0.0,0.0
Grand Gaube,MU,2020-04-06 02:36:02,-20.01,57.66,77.0,78,40,10.29,0.0,0.0
Jamestown,US,2020-04-06 02:34:19,42.1,-79.24,39.2,86,40,4.7,0.0,0.0
Praia Da Vitoria,PT,2020-04-06 02:36:02,38.73,-27.07,57.2,82,75,11.25,0.0,0.0
Namibe,AO,2020-04-06 02:36:03,-15.2,12.15,71.76,76,0,9.75,0.0,0.0
Bilma,NE,2020-04-06 02:36:03,18.69,12.92,80.8,13,0,9.28,0.0,0.0
Anchorage,US,2020-04-06 02:35:56,61.22,-149.9,37.99,47,1,16.11,0.0,0.0
Barrow,US,2020-04-06 02:35:02,71.29,-156.79,26.6,92,90,5.82,0.0,0.0
Lavrentiya,RU,2020-04-06 02:36:03,65.58,-171.0,9.07,87,100,10.85,0.0,0.0
Qaanaaq,GL,2020-04-06 02:36:03,77.48,-69.36,6.12,76,9,5.39,0.0,0.0
Saskylakh,RU,2020-04-06 02:36:03,71.92,114.08,17.96,95,83,12.06,0.0,0.0
Port Elizabeth,ZA,2020-04-06 02:36:03,-33.92,25.57,62.6,82,37,23.04,0.11,0.0
Fargo,US,2020-04-06 02:36:03,46.88,-96.79,44.6,74,90,9.17,0.0,0.0
Georgetown,MY,2020-04-06 02:32:50,5.41,100.34,82.4,83,20,3.36,0.0,0.0
Cape Town,ZA,2020-04-06 02:34:04,-33.93,18.42,59.0,100,75,8.05,0.0,0.0
Tambura,SS,2020-04-06 02:36:03,5.6,27.47,68.11,75,100,4.07,0.0,0.0
Kiunga,PG,2020-04-06 02:36:04,-6.12,141.29,93.31,52,17,0.67,1.41,0.0
Filadelfia,US,2020-04-06 02:31:31,39.95,-75.16,59.0,66,40,8.05,0.0,0.0
Vardo,NO,2020-04-06 02:34:03,70.37,31.11,28.8,92,89,16.62,0.0,0.0
Kapaa,US,2020-04-06 02:36:04,22.08,-159.32,80.6,74,40,11.41,0.0,0.0
Saryg-Sep,RU,2020-04-06 02:36:04,51.5,95.6,33.39,70,98,2.46,0.0,0.25
Vestmanna,FO,2020-04-06 02:36:04,62.16,-7.17,48.2,93,100,24.16,0.88,0.0
Maldonado,UY,2020-04-06 02:36:04,-34.67,-54.92,66.99,82,100,3.36,0.0,0.0
Gat,IL,2020-04-06 02:36:04,31.61,34.76,60.8,82,20,3.36,0.0,0.0
Ponta Do Sol,PT,2020-04-06 02:36:04,32.67,-17.1,64.4,82,20,2.24,0.0,0.0
Kavaratti,IN,2020-04-06 02:36:04,10.57,72.64,83.53,71,69,5.82,0.0,0.0
Airai,TL,2020-04-06 02:36:05,-8.93,125.41,74.79,46,12,2.86,0.0,0.0
Beloha,MG,2020-04-06 02:36:05,-25.17,45.05,73.51,59,72,6.87,0.0,0.0
Porosozero,RU,2020-04-06 02:36:05,62.72,32.73,19.18,92,0,5.14,0.0,0.0
Nemuro,JP,2020-04-06 02:36:05,43.32,145.57,44.6,56,75,10.29,0.0,0.0
Houma,US,2020-04-06 02:36:05,29.6,-90.72,71.6,82,1,3.36,0.0,0.0
Nanchang,CN,2020-04-06 02:36:05,28.68,115.88,63.25,61,92,3.18,0.0,0.0
Broken Hill,AU,2020-04-06 02:31:08,-31.95,141.43,66.2,55,0,8.05,0.0,0.0
Hella,NO,2020-04-06 02:36:05,67.2,14.43,32.0,92,75,26.4,0.0,0.0
Sao Filipe,CV,2020-04-06 02:36:05,14.9,-24.5,71.98,77,0,15.37,0.0,0.0
Ottumwa,US,2020-04-06 02:36:05,41.02,-92.41,52.0,61,1,8.05,0.0,0.0
Gurmatkal,IN,2020-04-06 02:36:05,16.87,77.4,84.63,41,46,7.92,0.0,0.0
Tricase,IT,2020-04-06 02:36:05,39.93,18.36,54.0,87,75,5.82,0.0,0.0
Mercedes,AR,2020-04-06 02:36:05,-34.65,-59.43,66.99,71,64,1.01,0.0,0.0
Constantine,DZ,2020-04-06 02:36:06,36.37,6.61,41.0,93,2,2.24,0.0,0.0
Hami,CN,2020-04-06 02:36:06,42.8,93.45,64.47,17,50,3.98,0.0,0.0
Tupik,RU,2020-04-06 02:36:06,54.43,119.93,30.04,74,0,6.73,0.0,0.0
Ossora,RU,2020-04-06 02:36:06,59.24,163.07,26.37,90,84,9.35,0.0,0.0
Narsaq,GL,2020-04-06 02:36:06,60.92,-46.05,19.4,41,94,6.93,0.0,0.0
Katherine,AU,2020-04-06 02:36:06,-14.47,132.27,91.4,49,40,13.87,0.0,0.0
Dukat,RU,2020-04-06 02:32:04,62.55,155.55,18.09,86,100,6.22,0.0,0.0
Mitchell,US,2020-04-06 02:36:06,43.71,-98.03,48.2,61,1,12.75,0.0,0.0
Bontang,ID,2020-04-06 02:36:06,0.13,117.5,84.36,75,58,8.34,2.54,0.0
Lagoa,PT,2020-04-06 02:36:06,39.05,-27.98,58.06,82,62,10.36,0.0,0.0
Yar-Sale,RU,2020-04-06 02:33:05,66.83,70.83,30.88,99,100,7.74,0.0,0.43
Neiafu,TO,2020-04-06 02:36:07,-18.65,-173.98,79.36,82,100,18.28,1.95,0.0
Kodiak,US,2020-04-06 02:36:07,57.79,-152.41,39.2,32,1,13.87,0.0,0.0
Vaini,TO,2020-04-06 02:36:07,-21.2,-175.2,78.8,69,75,6.93,0.0,0.0
Butaritari,KI,2020-04-06 02:36:07,3.07,172.79,83.39,72,5,7.72,0.0,0.0
Puerto Narino,CO,2020-04-06 02:36:07,-3.77,-70.38,75.2,100,40,0.81,0.0,0.0
Mahebourg,MU,2020-04-06 02:36:07,-20.41,57.7,77.0,78,40,10.29,0.0,0.0
Boa Vista,BR,2020-04-06 02:36:07,2.82,-60.67,82.4,78,100,3.36,0.0,0.0
Verkhnevilyuysk,RU,2020-04-06 02:36:07,63.45,120.32,33.49,92,97,10.51,0.0,0.0
Joshimath,IN,2020-04-06 02:36:07,30.57,79.57,56.14,15,0,0.69,0.0,0.0
Hambantota,LK,2020-04-06 02:36:07,6.12,81.12,77.0,100,20,1.12,0.0,0.0
Dunedin,NZ,2020-04-06 02:31:13,-45.87,170.5,59.0,89,100,1.99,0.0,0.0
Rantepao,ID,2020-04-06 02:36:08,-2.97,119.9,79.03,64,47,1.92,1.99,0.0
Avarua,CK,2020-04-06 02:36:08,-21.21,-159.78,82.4,78,100,4.7,0.0,0.0
Mirnyy,RU,2020-04-06 02:36:08,62.54,113.96,35.6,47,96,11.18,0.0,0.0
Kaeo,NZ,2020-04-06 02:36:08,-35.1,173.78,66.99,71,97,5.01,0.27,0.0
Hay River,CA,2020-04-06 02:36:08,60.82,-115.8,14.0,72,40,10.29,0.0,0.0
Lompoc,US,2020-04-06 02:36:08,34.64,-120.46,55.4,93,100,8.05,0.0,0.0
Fort Nelson,CA,2020-04-06 02:35:55,58.81,-122.7,33.8,37,40,6.93,0.0,0.0
Padilla,CO,2020-04-06 02:36:08,3.22,-76.31,77.0,69,75,0.67,0.0,0.0
Port Lincoln,AU,2020-04-06 02:36:09,-34.73,135.87,64.85,63,99,4.43,0.15,0.0
Honiara,SB,2020-04-06 02:36:09,-9.43,159.95,84.2,83,75,14.99,0.0,0.0
Salalah,OM,2020-04-06 02:36:09,17.02,54.09,75.2,69,0,4.7,0.0,0.0
Sitka,US,2020-04-06 02:36:09,57.05,-135.33,39.2,76,90,4.7,0.0,0.0
Si Satchanalai,TH,2020-04-06 02:36:09,17.52,99.76,97.0,66,0,8.05,0.0,0.0
Aklavik,CA,2020-04-06 02:36:09,68.22,-135.01,32.0,92,75,12.75,0.0,0.0
Kirgiz-Miyaki,RU,2020-04-06 02:36:09,53.63,54.8,29.61,93,53,4.7,0.0,0.0
Bhimunipatnam,IN,2020-04-06 02:36:09,17.88,83.43,80.6,83,40,3.36,0.0,0.0
Kichera,RU,2020-04-06 02:35:06,55.94,110.1,33.44,65,0,2.57,0.0,0.0
Hasaki,JP,2020-04-06 02:36:09,35.73,140.83,61.0,26,20,10.29,0.0,0.0
Nyuksenitsa,RU,2020-04-06 02:36:09,60.41,44.24,23.09,93,38,7.83,0.0,0.0
Renfrew,GB,2020-04-06 02:36:09,55.87,-4.39,55.99,93,100,25.28,0.0,0.0
Lucea,JM,2020-04-06 02:36:09,18.45,-78.17,80.6,74,20,2.24,0.0,0.0
Bemidji,US,2020-04-06 02:36:10,47.47,-94.88,46.4,56,1,5.75,0.0,0.0
Castro,BR,2020-04-06 02:36:10,-24.79,-50.01,59.54,63,64,2.35,0.0,0.0
Dunda,TZ,2020-04-06 02:36:10,-8.12,34.25,62.13,67,41,0.25,0.0,0.0
Rafai,CF,2020-04-06 02:36:10,4.95,23.92,70.52,81,100,2.59,0.0,0.0
Saurimo,AO,2020-04-06 02:36:11,-9.66,20.39,64.15,71,99,3.65,0.11,0.0
Brindisi,IT,2020-04-06 02:36:11,40.58,17.67,57.2,76,79,11.41,0.0,0.0
Mormugao,IN,2020-04-06 02:36:11,15.4,73.8,82.4,78,75,3.36,0.0,0.0
Meulaboh,ID,2020-04-06 02:36:11,4.14,96.13,81.57,78,99,6.31,1.85,0.0
Clyde River,CA,2020-04-06 02:36:11,70.47,-68.59,8.6,65,1,23.04,0.0,0.0
Green River,US,2020-04-06 02:35:55,41.53,-109.47,44.6,52,20,4.7,0.0,0.0
Russell,US,2020-04-06 02:36:11,32.35,-85.2,68.0,87,1,2.19,0.0,0.0
Ulladulla,AU,2020-04-06 02:36:11,-35.35,150.47,68.0,60,91,9.17,0.41,0.0
Carnarvon,AU,2020-04-06 02:36:11,-24.87,113.63,78.8,69,0,14.99,0.0,0.0
Maningrida,AU,2020-04-06 02:36:11,-12.07,134.27,88.32,61,20,8.5,0.27,0.0
Manokwari,ID,2020-04-06 02:36:12,-0.87,134.08,83.84,73,63,5.93,0.74,0.0
Provideniya,RU,2020-04-06 02:36:12,64.38,-173.3,10.4,66,100,13.42,0.0,0.0
Debica,PL,2020-04-06 02:36:12,50.05,21.41,37.99,51,0,12.75,0.0,0.0
Kavieng,PG,2020-04-06 02:36:12,-2.57,150.8,84.25,70,31,8.75,2.76,0.0
Quatre Cocos,MU,2020-04-06 02:36:12,-20.21,57.76,77.0,78,40,10.29,0.0,0.0
Ust-Omchug,RU,2020-04-06 02:36:12,61.15,149.63,18.21,85,100,7.92,0.0,0.14
Cherskiy,RU,2020-04-06 02:36:12,68.75,161.3,9.75,92,11,13.4,0.0,0.0
Presidencia Roque Saenz Pena,AR,2020-04-06 02:36:12,-26.79,-60.44,66.79,91,100,5.01,0.74,0.0
Flinders,AU,2020-04-06 02:36:12,-34.58,150.86,77.0,60,23,9.17,0.11,0.0
Shenjiamen,CN,2020-04-06 02:36:12,29.96,122.3,52.16,58,94,4.83,0.0,0.0
Caravelas,BR,2020-04-06 02:36:12,-17.71,-39.25,77.4,80,25,10.56,0.0,0.0
Umm Lajj,SA,2020-04-06 02:36:13,25.02,37.27,80.04,42,0,3.89,0.0,0.0
Manadhoo,MV,2020-04-06 02:36:13,5.77,73.38,84.15,68,42,4.38,0.0,0.0
Esperance,AU,2020-04-06 02:36:13,-33.87,121.9,66.2,63,90,12.75,0.0,0.0
Bataipora,BR,2020-04-06 02:36:13,-22.3,-53.27,72.63,71,34,6.17,0.0,0.0
Solnechnyy,RU,2020-04-06 02:36:13,50.72,136.63,40.05,59,0,9.19,0.0,0.0
Waipawa,NZ,2020-04-06 02:36:13,-41.41,175.52,64.99,63,92,12.75,0.0,0.0
Saint-Augustin,CA,2020-04-06 02:36:13,51.23,-58.65,28.81,98,100,10.0,0.0,1.1
Ilulissat,GL,2020-04-06 02:36:13,69.22,-51.1,12.2,36,0,19.46,0.0,0.0
Bara,NG,2020-04-06 02:32:18,10.37,10.73,85.42,45,94,10.4,0.0,0.0
Bereda,ES,2020-04-06 02:36:13,43.27,-7.54,51.01,87,100,6.93,0.0,0.0
Mehamn,NO,2020-04-06 02:36:14,71.04,27.85,24.46,91,97,4.97,0.0,0.0
La Ronge,CA,2020-04-06 02:36:14,55.1,-105.28,26.6,35,75,9.17,0.0,0.0
Simao,CN,2020-04-06 02:36:14,22.79,100.97,80.89,18,86,4.09,0.0,0.0
Nome,US,2020-04-06 02:32:03,64.5,-165.41,8.6,78,90,28.86,0.0,0.0
Kahului,US,2020-04-06 02:36:06,20.89,-156.47,78.8,78,40,6.93,0.0,0.0
Portland,US,2020-04-06 02:33:59,45.52,-122.68,60.8,50,20,13.87,0.0,0.0
Lac Du Bonnet,CA,2020-04-06 02:36:14,50.25,-96.06,30.0,83,96,3.74,0.0,0.0
Rawson,AR,2020-04-06 02:36:14,-43.3,-65.1,52.57,44,0,10.09,0.0,0.0
Andra,RU,2020-04-06 02:36:14,62.51,65.89,28.9,96,93,7.31,0.0,0.0
Menongue,AO,2020-04-06 02:36:14,-14.66,17.69,60.85,63,87,2.44,0.0,0.0
Launceston,AU,2020-04-06 02:36:14,-41.45,147.17,60.01,54,11,5.82,0.0,0.0
At-Bashi,KG,2020-04-06 02:36:14,41.17,75.81,40.75,27,98,4.23,0.0,0.0
Kaitangata,NZ,2020-04-06 02:36:14,-46.28,169.85,57.99,89,100,1.99,0.0,0.0
Saldanha,ZA,2020-04-06 02:36:14,-33.01,17.94,59.0,93,19,5.82,0.12,0.0
Sioux Lookout,CA,2020-04-06 02:36:15,50.1,-91.92,39.2,68,40,3.36,0.0,0.0
Port Hardy,CA,2020-04-06 02:36:15,50.7,-127.42,46.4,45,20,11.41,0.0,0.0
Bhaktapur,NP,2020-04-06 02:36:15,27.68,85.42,55.4,76,20,3.36,0.0,0.0
Mandalgovi,MN,2020-04-06 02:36:15,45.76,106.27,41.99,33,100,22.77,0.0,0.0
Waingapu,ID,2020-04-06 02:36:15,-9.66,120.26,86.68,62,71,2.98,0.0,0.0
Pacific Grove,US,2020-04-06 02:33:52,36.62,-121.92,51.01,76,90,5.82,0.0,0.0
Bethel,US,2020-04-06 02:36:15,41.37,-73.41,52.0,81,1,3.36,0.0,0.0
Buinsk,RU,2020-04-06 02:36:15,54.95,48.28,26.6,73,46,2.24,0.0,0.0
Magistralnyy,RU,2020-04-06 02:36:15,56.17,107.45,37.04,63,0,2.51,0.0,0.0
Thompson,CA,2020-04-06 02:36:16,55.74,-97.86,12.2,78,20,3.36,0.0,0.0
Trebisacce,IT,2020-04-06 02:36:16,39.87,16.53,55.4,76,90,8.05,0.0,0.0
Obercorn,LU,2020-04-06 02:36:16,49.51,5.9,50.0,72,0,4.7,0.0,0.0
Kurduvadi,IN,2020-04-06 02:36:16,18.08,75.43,88.11,17,0,6.73,0.0,0.0
Ribeira Grande,PT,2020-04-06 02:36:16,38.52,-28.7,59.56,85,80,11.36,0.0,0.0
Anadyr,RU,2020-04-06 02:36:16,64.75,177.48,1.4,77,11,17.9,0.0,0.0
Xining,CN,2020-04-06 02:35:54,36.62,101.77,46.42,21,100,4.18,0.0,0.0
Nikolayevsk-Na-Amure,RU,2020-04-06 02:36:16,53.14,140.73,33.48,89,52,4.59,0.0,0.0
Saint-Pierre,RE,2020-04-06 02:36:16,-21.34,55.48,73.4,78,38,5.82,0.0,0.0
Wasilla,US,2020-04-06 02:32:02,61.58,-149.44,37.99,51,75,16.11,0.0,0.0
Labelle,US,2020-04-06 02:33:05,26.76,-81.44,69.01,88,90,9.17,0.0,0.0
Maniitsoq,GL,2020-04-06 02:36:16,65.42,-52.9,18.23,85,9,5.3,0.0,0.0
Bandarbeyla,SO,2020-04-06 02:36:17,9.49,50.81,79.43,67,83,6.38,0.0,0.0
Oriximina,BR,2020-04-06 02:36:17,-1.77,-55.87,78.49,87,94,3.53,0.36,0.0
Cabo San Lucas,MX,2020-04-06 02:36:17,22.89,-109.91,75.0,49,75,2.24,0.0,0.0
Mount Isa,AU,2020-04-06 02:36:17,-20.73,139.5,84.2,17,89,9.17,0.0,0.0
Iskateley,RU,2020-04-06 02:36:17,67.68,53.15,21.42,97,100,13.42,0.0,0.88
Petropavlovsk-Kamchatskiy,RU,2020-04-06 02:36:17,53.05,158.65,37.4,34,0,8.95,0.0,0.0
Wuwei,CN,2020-04-06 02:36:17,37.93,102.64,56.55,18,96,5.88,0.0,0.0
Taltal,CL,2020-04-06 02:35:22,-25.4,-70.48,64.96,71,0,1.25,0.0,0.0
Leshukonskoye,RU,2020-04-06 02:36:17,64.9,45.76,19.98,96,75,8.19,0.0,0.0
Tautira,PF,2020-04-06 02:36:17,-17.73,-149.15,87.8,66,2,8.05,0.44,0.0
Adavere,EE,2020-04-06 02:36:17,58.71,25.9,36.0,74,99,6.93,0.0,0.0
Bulgan,MN,2020-04-06 02:36:18,48.81,103.53,33.51,47,83,7.81,0.0,0.0
Viedma,AR,2020-04-06 02:36:18,-40.81,-63.0,56.46,38,34,19.24,0.0,0.0
Farafangana,MG,2020-04-06 02:36:18,-22.82,47.83,70.05,84,92,5.01,0.0,0.0
Tartus,SY,2020-04-06 02:36:18,34.89,35.89,60.01,85,100,1.01,0.24,0.0
Mount Gambier,AU,2020-04-06 02:36:18,-37.83,140.77,57.2,76,90,5.82,0.0,0.0
Chara,RU,2020-04-06 02:36:18,56.91,118.26,27.3,76,78,2.64,0.0,0.0
Torbay,CA,2020-04-06 02:36:18,47.67,-52.73,28.99,85,40,3.36,0.0,0.0
Myitkyina,MM,2020-04-06 02:36:18,25.38,97.4,89.44,23,0,1.21,0.0,0.0
San Felipe,VE,2020-04-06 02:36:18,10.34,-68.74,75.27,80,100,3.09,0.0,0.0
Dubbo,AU,2020-04-06 02:36:18,-32.25,148.62,68.0,52,40,10.29,0.0,0.0
Macau,MO,2020-04-06 02:34:05,22.2,113.55,64.4,88,40,9.17,0.0,0.0
Ulverstone,AU,2020-04-06 02:35:07,-41.15,146.17,59.0,61,36,14.0,0.0,0.0
Emba,KZ,2020-04-06 02:36:19,48.83,58.14,43.39,63,37,15.1,0.0,0.0
Sampit,ID,2020-04-06 02:36:19,-2.53,112.95,82.76,77,97,3.85,0.76,0.0
Mezen,RU,2020-04-06 02:36:19,65.85,44.24,19.49,97,12,10.13,0.0,0.0
Byron Bay,AU,2020-04-06 02:36:19,-28.65,153.62,78.8,57,10,11.41,0.0,0.0
Touros,BR,2020-04-06 02:36:19,-5.2,-35.46,78.8,94,40,3.36,0.0,0.0
Honningsvag,NO,2020-04-06 02:36:19,70.98,25.97,29.93,92,90,9.06,0.0,0.0
Sabha,LY,2020-04-06 02:36:19,27.04,14.43,61.12,27,42,14.76,0.0,0.0
Columbia,US,2020-04-06 02:35:50,34.0,-81.03,66.2,59,1,9.17,0.0,0.0
Marawi,PH,2020-04-06 02:36:19,8.0,124.29,81.61,52,41,5.7,0.11,0.0
Plettenberg Bay,ZA,2020-04-06 02:36:19,-34.05,23.37,61.05,82,86,13.4,0.83,0.0
Roma,US,2020-04-06 02:33:47,43.21,-75.46,44.6,75,20,5.82,0.0,0.0
Havre-Saint-Pierre,CA,2020-04-06 02:36:20,50.23,-63.6,33.8,80,90,3.36,0.0,0.0
Sao Joao Da Barra,BR,2020-04-06 02:36:20,-21.64,-41.05,74.48,75,86,4.74,0.0,0.0
Houston,US,2020-04-06 02:33:12,29.76,-95.36,71.01,73,75,6.93,0.0,0.0
Buala,SB,2020-04-06 02:36:20,-8.14,159.59,85.93,72,78,11.43,0.0,0.0
Biak,ID,2020-04-06 02:36:20,-0.91,122.88,83.25,68,40,0.34,1.1,0.0
Nyandoma,RU,2020-04-06 02:36:20,61.67,40.2,19.06,95,34,6.06,0.0,0.0
Tutoia,BR,2020-04-06 02:36:20,-2.76,-42.27,80.4,87,100,11.07,1.72,0.0
Kanigiri,IN,2020-04-06 02:36:21,15.4,79.52,82.26,74,90,6.71,0.0,0.0
Pisco,PE,2020-04-06 02:36:21,-13.7,-76.22,72.0,83,8,13.87,0.0,0.0
Artvin,TR,2020-04-06 02:36:21,41.17,41.83,51.8,100,20,18.34,0.0,0.0
Palmer,US,2020-04-06 02:36:21,42.16,-72.33,50.0,76,75,10.29,0.0,0.0
Acapulco,MX,2020-04-06 02:36:21,16.86,-99.89,78.8,83,20,1.83,0.0,0.0
Penapolis,BR,2020-04-06 02:36:21,-21.42,-50.08,69.49,64,0,2.93,0.0,0.0
Goundam,ML,2020-04-06 02:36:21,16.41,-3.67,81.66,13,0,11.79,0.0,0.0
Begoro,GH,2020-04-06 02:36:21,6.39,-0.38,73.89,81,6,7.56,0.0,0.0
Hamilton,US,2020-04-06 02:32:08,39.18,-84.53,53.01,81,75,8.05,0.0,0.0
Lata,PT,2020-04-06 02:36:21,40.16,-8.33,57.0,100,75,2.24,0.0,0.0
Karema,TZ,2020-04-06 02:36:22,-6.82,30.44,71.08,65,85,7.05,0.84,0.0
Anyksciai,LT,2020-04-06 02:36:22,55.53,25.1,35.2,84,0,5.59,0.0,0.0
Vostok,RU,2020-04-06 02:36:22,46.49,135.88,36.7,63,84,9.22,0.0,0.0
Tornio,FI,2020-04-06 02:36:22,65.85,24.15,14.0,92,20,3.36,0.0,0.0
Yerbogachen,RU,2020-04-06 02:36:22,61.28,108.01,33.78,81,50,9.42,0.0,0.0
Hailar,CN,2020-04-06 02:36:22,49.2,119.7,36.09,47,0,17.63,0.0,0.0
Iqaluit,CA,2020-04-06 02:36:22,63.75,-68.51,1.4,64,40,12.75,0.0,0.0
Valence,ES,2020-04-06 02:35:59,39.47,-0.38,55.0,87,87,3.36,0.0,0.0
Montes Altos,BR,2020-04-06 02:36:22,-5.83,-47.07,74.12,90,100,1.79,3.7,0.0
Pombas,CV,2020-04-06 02:36:22,17.15,-25.02,71.6,68,40,23.04,0.0,0.0
Nikolskoye,RU,2020-04-06 02:36:22,59.7,30.79,28.99,86,88,1.59,0.0,0.0
Coahuayana,MX,2020-04-06 02:36:23,18.73,-103.68,75.2,50,20,3.6,0.0,0.0
Vanimo,PG,2020-04-06 02:36:23,-2.67,141.3,83.5,78,98,10.11,2.07,0.0
Fortuna,US,2020-04-06 02:36:23,40.6,-124.16,51.8,70,75,10.29,0.0,0.0
Severo-Kurilsk,RU,2020-04-06 02:36:23,50.68,156.12,34.07,89,90,17.76,0.0,0.0
Kyabe,TD,2020-04-06 02:36:23,9.45,18.94,80.46,34,83,2.89,0.0,0.0
Nurobod,UZ,2020-04-06 02:36:23,40.91,69.8,53.6,100,90,6.93,0.0,0.0
Saint Anthony,US,2020-04-06 02:36:23,45.02,-93.22,50.0,42,1,5.82,0.0,0.0
Nelson Bay,AU,2020-04-06 02:36:23,-32.72,152.15,75.0,43,20,8.05,0.0,0.0
Abha,SA,2020-04-06 02:36:23,18.22,42.51,60.8,67,0,4.52,0.0,0.0
Izhma,RU,2020-04-06 02:36:23,65.01,53.91,23.79,97,100,13.89,0.0,0.58
Magelang,ID,2020-04-06 02:36:23,-7.47,110.22,84.2,74,20,4.7,0.0,0.0
Irbeyskoye,RU,2020-04-06 02:36:24,55.64,95.45,40.66,58,0,10.29,0.0,0.0
Assisi,IT,2020-04-06 02:34:10,43.07,12.62,46.99,70,5,1.12,0.0,0.0
Chokurdakh,RU,2020-04-06 02:36:24,70.63,147.92,14.52,95,36,13.98,0.0,0.0
Dicabisagan,PH,2020-04-06 02:36:24,17.08,122.42,81.81,69,27,2.28,0.69,0.0
Tura,IN,2020-04-06 02:36:24,25.52,90.22,84.13,19,0,6.26,0.0,0.0
Neryungri,RU,2020-04-06 02:36:24,56.67,124.65,26.94,80,100,10.92,0.0,0.27
Eskilstuna,SE,2020-04-06 02:36:24,59.37,16.51,41.0,92,84,5.46,0.0,0.0
Novi Troyany,UA,2020-04-06 02:36:24,45.94,28.86,38.82,65,0,12.68,0.0,0.0
Dabhol,IN,2020-04-06 02:36:24,17.6,73.17,79.2,71,1,4.45,0.0,0.0
Uchiza,PE,2020-04-06 02:36:24,-8.46,-76.46,71.94,67,42,3.2,0.74,0.0
Atherton,GB,2020-04-06 02:36:24,53.52,-2.49,57.0,82,75,10.29,0.0,0.0
Skibotn,NO,2020-04-06 02:36:25,69.39,20.27,15.8,92,100,10.29,0.0,0.0
Ahuimanu,US,2020-04-06 02:34:41,21.44,-157.84,80.6,74,40,11.41,0.0,0.0
Faanui,PF,2020-04-06 02:36:25,-16.48,-151.75,83.75,72,18,9.51,0.0,0.0
Harper,LR,2020-04-06 02:36:25,4.38,-7.72,82.0,82,76,7.31,0.0,0.0
Kayerkan,RU,2020-04-06 02:36:25,69.35,87.76,32.0,97,75,22.37,0.0,0.0
Palembang,ID,2020-04-06 02:36:25,-2.92,104.75,80.56,80,100,3.87,0.0,0.0
Henties Bay,NA,2020-04-06 02:36:25,-22.12,14.28,61.0,89,77,3.0,0.0,0.0
Malchevskaya,RU,2020-04-06 02:36:25,49.06,40.36,32.23,79,0,12.64,0.0,0.0
Aviles,ES,2020-04-06 02:36:25,43.55,-5.92,55.99,93,90,2.24,0.0,0.0
Bud,US,2020-04-06 02:36:26,39.45,-86.18,53.6,81,75,8.05,0.0,0.0
Coihaique,CL,2020-04-06 02:36:26,-45.58,-72.07,41.0,75,24,2.24,0.0,0.0
Chimoio,MZ,2020-04-06 02:36:26,-19.12,33.48,66.2,93,40,4.36,0.0,0.0
Nakhon Thai,TH,2020-04-06 02:36:26,17.1,100.84,93.99,69,0,2.24,0.0,0.0
Mastic Beach,US,2020-04-06 02:36:26,40.77,-72.85,48.99,87,1,4.7,0.0,0.0
Andreapol,RU,2020-04-06 02:36:26,56.65,32.27,27.32,84,8,3.94,0.0,0.0
West Seneca,US,2020-04-06 02:36:26,42.85,-78.8,43.0,80,1,6.93,0.0,0.0
Bambanglipuro,ID,2020-04-06 02:36:27,-7.95,110.28,85.46,70,93,4.7,2.58,0.0
Tigil,RU,2020-04-06 02:33:04,57.8,158.67,27.72,94,100,14.58,0.0,0.0
Hualmay,PE,2020-04-06 02:36:27,-11.1,-77.61,72.3,74,1,6.02,0.0,0.0
Taganak,PH,2020-04-06 02:36:27,6.08,118.3,86.0,74,40,8.05,0.0,0.0
Ikalamavony,MG,2020-04-06 02:36:27,-21.15,46.58,65.52,62,98,1.95,0.36,0.0
Atar,MR,2020-04-06 02:36:27,20.52,-13.05,75.38,28,0,9.71,0.0,0.0
Olga,RU,2020-04-06 02:36:27,43.74,135.29,47.21,53,35,16.28,0.0,0.0
Vila,PT,2020-04-06 02:36:28,42.03,-8.16,55.99,93,20,2.24,0.0,0.0
Bull Savanna,JM,2020-04-06 02:36:28,17.89,-77.59,73.94,83,21,3.69,0.0,0.0
Los Llanos De Aridane,ES,2020-04-06 02:35:52,28.66,-17.92,68.0,72,75,5.82,0.0,0.0
Pemangkat,ID,2020-04-06 02:36:28,1.17,108.97,84.63,68,1,5.99,0.0,0.0
Zhireken,RU,2020-04-06 02:36:28,52.82,117.31,37.69,47,0,12.24,0.0,0.0
San Vicente,AR,2020-04-06 02:36:28,-26.62,-54.13,66.27,64,58,2.39,0.0,0.0
Gao,ML,2020-04-06 02:36:28,16.64,1.64,80.26,12,0,10.67,0.0,0.0
Pangnirtung,CA,2020-04-06 02:36:28,66.15,-65.71,6.44,70,18,5.77,0.0,0.0
Brora,GB,2020-04-06 02:36:28,58.01,-3.85,59.0,58,100,16.11,0.0,0.0
Victoria,HK,2020-04-06 02:35:46,22.29,114.16,64.4,77,40,8.05,0.0,0.0
Bukachacha,RU,2020-04-06 02:36:28,52.98,116.92,36.72,51,0,11.77,0.0,0.0
Yatsuo,JP,2020-04-06 02:36:28,36.57,137.13,53.01,53,75,8.05,0.0,0.0
Juneau,US,2020-04-06 02:36:29,58.3,-134.42,42.8,48,90,4.32,0.0,0.0
Norwich,GB,2020-04-06 02:31:48,52.63,1.3,57.2,66,0,10.29,0.0,0.0
Dingle,PH,2020-04-06 02:36:29,11.0,122.67,86.49,50,8,12.21,0.0,0.0
Haines Junction,CA,2020-04-06 02:36:29,60.75,-137.51,25.59,86,46,7.43,0.0,0.0
Casablanca,MA,2020-04-06 02:34:31,33.59,-7.62,64.0,88,75,2.24,0.0,0.0
Port Blair,IN,2020-04-06 02:36:29,11.67,92.75,82.78,70,45,8.37,0.0,0.0
Otradnoye,RU,2020-04-06 02:36:29,59.78,30.82,28.99,86,88,1.54,0.0,0.0
Murmashi,RU,2020-04-06 02:36:29,68.82,32.81,6.8,77,7,2.24,0.0,0.0
Palu,ID,2020-04-06 02:36:29,-0.89,119.87,91.06,52,41,1.88,0.5,0.0
Obo,CF,2020-04-06 02:36:29,5.4,26.49,68.7,79,100,2.89,0.0,0.0
Palmeirais,BR,2020-04-06 02:36:30,-5.98,-43.06,75.97,89,100,2.08,1.7,0.0
Moindou,NC,2020-04-06 02:36:30,-21.69,165.68,89.6,43,75,11.41,0.0,0.0
Shatsk,RU,2020-04-06 02:36:30,54.03,41.71,29.86,86,0,13.15,0.0,0.0
Bousso,TD,2020-04-06 02:36:30,10.48,16.71,84.2,26,10,2.1,0.0,0.0
Samarai,PG,2020-04-06 02:36:30,-10.62,150.67,86.02,57,68,14.18,0.0,0.0
Caceres,ES,2020-04-06 02:36:31,39.52,-6.37,54.0,92,100,5.01,0.23,0.0
Forssa,FI,2020-04-06 02:36:31,60.81,23.62,37.0,94,90,2.24,0.0,0.0
Anloga,GH,2020-04-06 02:36:31,5.79,0.9,81.81,82,27,12.46,0.0,0.0
Brae,GB,2020-04-06 02:36:31,60.4,-1.35,50.0,81,87,27.51,0.0,0.0
Vulcan,RO,2020-04-06 02:36:31,45.38,23.27,34.05,63,0,2.21,0.0,0.0
Sorland,NO,2020-04-06 02:36:31,67.67,12.69,30.2,63,75,11.41,0.0,0.0
Cheremshan,RU,2020-04-06 02:36:31,54.67,51.5,32.65,78,59,3.49,0.0,0.0
Chateauroux,FR,2020-04-06 02:36:31,46.82,1.7,48.0,47,0,2.24,0.0,0.0
Tessalit,ML,2020-04-06 02:36:31,20.2,1.01,73.81,15,0,9.8,0.0,0.0
Ugoofaaru,MV,2020-04-06 02:36:31,5.67,73.0,83.86,69,24,4.72,0.0,0.0
Bulawayo,ZW,2020-04-06 02:36:32,-20.15,28.58,58.03,48,13,0.56,0.0,0.0
Tala,EG,2020-04-06 02:36:32,30.68,30.94,53.8,92,4,4.32,0.0,0.0
Banepa,NP,2020-04-06 02:36:32,27.63,85.52,55.4,76,20,3.36,0.0,0.0
Maumere,ID,2020-04-06 02:36:32,-8.62,122.21,85.89,66,94,3.67,0.0,0.0
Grindavik,IS,2020-04-06 02:36:32,63.84,-22.43,42.8,93,90,27.51,0.0,0.0
Astana,KZ,2020-04-06 02:34:38,51.18,71.45,42.8,93,90,8.95,0.0,0.0
Batagay,RU,2020-04-06 02:36:32,67.63,134.63,21.78,90,50,8.46,0.0,0.0
Thinadhoo,MV,2020-04-06 02:36:32,0.53,72.93,83.39,71,2,5.99,0.0,0.0
Avera,US,2020-04-06 02:36:32,33.19,-82.53,69.01,82,1,5.82,0.0,0.0
Inuvik,CA,2020-04-06 02:31:54,68.35,-133.72,32.0,96,75,12.75,0.0,0.0
Rio Gallegos,AR,2020-04-06 02:32:00,-51.62,-69.22,41.0,65,95,16.11,0.0,0.0
Kruisfontein,ZA,2020-04-06 02:36:32,-34.0,24.73,60.35,80,91,15.86,0.2,0.0
Basingstoke,GB,2020-04-06 02:36:32,51.26,-1.09,57.2,76,84,10.29,0.22,0.0
Xichang,CN,2020-04-06 02:36:33,27.9,102.26,58.05,35,97,1.45,0.0,0.0
Antofagasta,CL,2020-04-06 02:36:33,-23.65,-70.4,66.2,77,2,2.24,0.0,0.0
Ostrovnoy,RU,2020-04-06 02:36:33,68.05,39.51,19.72,94,96,19.06,0.0,0.26
Umkomaas,ZA,2020-04-06 02:36:33,-30.21,30.8,72.0,64,96,6.13,0.0,0.0
Hongjiang,CN,2020-04-06 02:36:33,27.11,110.0,55.54,74,100,0.18,0.24,0.0
Kualakapuas,ID,2020-04-06 02:36:33,-3.01,114.39,85.06,79,71,2.71,4.48,0.0
Katsuura,JP,2020-04-06 02:36:33,35.13,140.3,61.0,44,20,8.05,0.0,0.0
Dillon,US,2020-04-06 02:36:33,34.42,-79.37,64.4,62,1,4.7,0.0,0.0
Malatya,TR,2020-04-06 02:36:33,38.5,38.0,44.6,87,75,3.36,0.0,0.0
Khani,GE,2020-04-06 02:36:33,41.96,42.96,50.0,87,90,8.05,0.0,0.0
San Quintin,MX,2020-04-06 02:36:35,30.48,-115.95,59.07,70,19,7.2,0.0,0.0
Yumen,CN,2020-04-06 02:36:35,40.28,97.2,56.61,17,7,13.82,0.0,0.0
Corn Island,NI,2020-04-06 02:36:35,12.17,-83.04,80.2,80,2,16.17,0.0,0.0
Comodoro Rivadavia,AR,2020-04-06 02:36:35,-45.87,-67.5,46.4,52,34,11.41,0.0,0.0
Jamame,SO,2020-04-06 02:36:35,0.07,42.75,81.16,80,97,7.63,0.0,0.0
Krasnyy Chikoy,RU,2020-04-06 02:36:35,50.36,108.75,43.95,40,16,8.14,0.0,0.0
Codrington,AU,2020-04-06 02:36:35,-38.27,141.97,59.43,51,87,4.99,0.0,0.0
Hoquiam,US,2020-04-06 02:36:35,46.98,-123.89,55.0,58,75,10.29,0.0,0.0
Nouadhibou,MR,2020-04-06 02:36:35,20.93,-17.03,66.2,77,0,21.92,0.0,0.0
Ialibu,PG,2020-04-06 02:36:35,-6.28,143.99,71.6,68,40,3.36,0.0,0.0
Nanortalik,GL,2020-04-06 02:36:35,60.14,-45.24,22.23,79,73,0.85,0.0,0.0
Belle Fourche,US,2020-04-06 02:36:36,44.67,-103.85,48.99,70,1,6.93,0.0,0.0
Lazy,PL,2020-04-06 02:36:36,50.35,19.42,42.01,55,0,8.05,0.0,0.0
Padang,ID,2020-04-06 02:36:36,-0.95,100.35,82.53,72,95,3.44,1.84,0.0
Vestmannaeyjar,IS,2020-04-06 02:33:19,63.44,-20.27,46.44,94,100,34.74,5.73,0.0
Mar Del Plata,AR,2020-04-06 02:31:58,-38.0,-57.56,66.99,88,0,9.17,0.0,0.0
Oktyabrskoye,RU,2020-04-06 02:36:36,43.06,44.74,43.63,72,100,6.22,1.98,0.0
Sambava,MG,2020-04-06 02:36:36,-14.27,50.17,73.96,86,0,7.85,0.0,0.0
Alofi,NU,2020-04-06 02:31:49,-19.06,-169.92,77.0,94,100,10.29,0.0,0.0
Talcahuano,CL,2020-04-06 02:33:19,-36.72,-73.12,55.4,76,0,8.05,0.0,0.0
Bembereke,BJ,2020-04-06 02:36:37,10.23,2.66,83.07,44,45,7.38,0.0,0.0
Bonavista,CA,2020-04-06 02:36:37,48.65,-53.11,27.0,86,12,1.01,0.0,0.0
Ola,RU,2020-04-06 02:36:37,59.58,151.28,24.69,96,100,12.62,0.0,0.28
Kivsharivka,UA,2020-04-06 02:36:37,49.62,37.7,33.22,83,0,8.72,0.0,0.0
Tignere,CM,2020-04-06 02:36:37,7.37,12.65,68.05,63,100,3.42,0.0,0.0
Krasnyy Oktyabr,RU,2020-04-06 02:36:37,56.12,38.88,27.73,85,0,10.45,0.0,0.0
Pandan,PH,2020-04-06 02:36:37,14.05,124.17,81.61,68,1,3.18,0.0,0.0
Luanda,AO,2020-04-06 02:36:37,-8.84,13.23,80.6,83,59,5.82,0.0,0.0
Harnosand,SE,2020-04-06 02:36:37,62.63,17.94,30.99,92,100,3.36,0.0,0.0
La Guacamaya,HN,2020-04-06 02:36:37,15.25,-87.8,82.4,74,75,6.93,0.0,0.0
Half Moon Bay,US,2020-04-06 02:36:37,37.46,-122.43,53.01,71,75,5.82,0.0,0.0
Tocopilla,CL,2020-04-06 02:36:37,-22.09,-70.2,72.79,49,0,1.57,0.0,0.0
Guerrero Negro,MX,2020-04-06 02:36:37,27.98,-114.06,59.27,74,100,13.76,0.0,0.0
Lerdo,MX,2020-04-06 02:36:38,25.53,-103.53,84.2,21,75,6.93,0.0,0.0
Shalya,RU,2020-04-06 02:36:38,57.25,58.73,26.19,94,92,7.34,0.0,0.0
Polyarnyye Zori,RU,2020-04-06 02:36:38,67.37,32.5,10.47,92,0,5.95,0.0,0.0
Ixhuatan,MX,2020-04-06 02:36:38,16.36,-94.48,81.61,70,2,3.65,0.0,0.0
Alexandria,EG,2020-04-06 02:36:38,31.22,29.96,57.2,93,0,3.36,0.0,0.0
Tranby,NO,2020-04-06 02:36:38,59.82,10.25,41.0,86,100,10.29,0.0,0.0
Peniche,PT,2020-04-06 02:36:38,39.36,-9.38,57.0,100,75,2.24,0.0,0.0
Bocaiuva,BR,2020-04-06 02:36:38,-17.11,-43.81,75.2,88,2,4.27,0.0,0.0
Kaka,TM,2020-04-06 02:36:39,37.35,59.61,52.32,69,93,10.36,0.0,0.0
High Rock,BS,2020-04-06 02:36:39,26.62,-78.28,69.98,84,99,22.62,1.75,0.0
Una,IN,2020-04-06 02:36:39,20.82,71.03,84.07,39,33,8.03,0.0,0.0
Karangasem,ID,2020-04-06 02:36:39,-8.45,115.62,86.0,89,40,4.7,0.0,0.0
Tambopata,PE,2020-04-06 02:36:39,-12.73,-69.18,74.39,86,60,1.39,0.31,0.0
Santa Rosa,PH,2020-04-06 02:36:39,14.31,121.11,90.0,59,20,9.17,0.0,0.0
Loreto,MX,2020-04-06 02:36:39,22.27,-101.97,70.84,10,99,6.62,0.0,0.0
Buta,CD,2020-04-06 02:36:39,2.79,24.73,71.31,87,100,2.66,5.02,0.0
Nagapattinam,IN,2020-04-06 02:36:39,10.77,79.83,84.76,74,64,8.32,0.11,0.0
Novikovo,RU,2020-04-06 02:36:39,51.15,37.89,32.31,84,0,11.68,0.0,0.0
Nyurba,RU,2020-04-06 02:33:05,63.28,118.33,33.73,91,74,10.02,0.0,0.0
Mpanda,TZ,2020-04-06 02:32:52,-6.37,31.04,64.09,71,48,1.16,1.16,0.0
Kieta,PG,2020-04-06 02:36:40,-6.22,155.63,85.77,65,45,6.22,0.0,0.0
Khuzdar,PK,2020-04-06 02:36:40,27.74,66.64,70.61,20,0,2.86,0.0,0.0
Gizo,SB,2020-04-06 02:36:40,-8.1,156.84,83.01,75,99,13.47,0.0,0.0
Graaff-Reinet,ZA,2020-04-06 02:36:40,-32.25,24.53,57.99,44,3,1.99,0.0,0.0
Port-Gentil,GA,2020-04-06 02:36:41,-0.72,8.78,81.43,86,66,8.79,0.12,0.0
Coban,GT,2020-04-06 02:36:41,15.48,-90.37,66.99,54,97,2.44,0.0,0.0
Nizwa,OM,2020-04-06 02:36:41,22.93,57.53,80.6,26,0,0.38,0.0,0.0
Santa Cruz,BO,2020-04-06 02:36:41,-17.8,-63.17,77.0,83,40,16.11,0.0,0.0
Iranshahr,IR,2020-04-06 02:36:41,27.2,60.68,68.0,42,0,6.93,0.0,0.0
Neftcala,AZ,2020-04-06 02:36:41,39.37,49.25,52.7,90,38,7.72,0.0,0.0
Broome,US,2020-04-06 02:36:41,42.25,-75.83,48.0,75,40,10.29,0.0,0.0
Ambilobe,MG,2020-04-06 02:36:41,-13.2,49.05,72.72,86,10,3.51,0.0,0.0
Savinka,RU,2020-04-06 02:36:42,50.08,47.1,37.18,77,95,7.85,0.0,0.18
Volgorechensk,RU,2020-04-06 02:36:42,57.44,41.16,26.6,73,1,6.71,0.0,0.0
Brisbane,AU,2020-04-06 02:32:52,-27.47,153.03,84.99,42,20,11.41,0.0,0.0
Cockburn Town,TC,2020-04-06 02:33:47,21.46,-71.14,76.32,65,0,11.23,0.0,0.0
Nortelandia,BR,2020-04-06 02:36:42,-14.45,-56.8,76.93,83,100,2.3,0.25,0.0
Jumla,NP,2020-04-06 02:36:42,29.27,82.18,55.49,15,0,0.56,0.0,0.0
Makakilo City,US,2020-04-06 02:36:42,21.35,-158.09,80.6,78,90,4.7,0.0,0.0
Zhigansk,RU,2020-04-06 02:36:42,66.77,123.37,28.56,98,99,12.71,0.0,0.16
Seydi,TM,2020-04-06 02:36:42,39.48,62.91,61.03,40,91,15.12,0.0,0.0
Los Algarrobos,PA,2020-04-06 02:36:42,8.5,-82.43,71.01,63,35,4.0,0.0,0.0
Raymondville,US,2020-04-06 02:36:42,26.48,-97.78,73.99,88,90,3.36,0.0,0.0
College,US,2020-04-06 02:36:42,64.86,-147.8,33.8,37,75,13.87,0.0,0.0
Surgut,RU,2020-04-06 02:36:42,61.25,73.42,33.8,100,90,4.47,0.0,0.0
Farsund,NO,2020-04-06 02:36:43,58.09,6.8,46.0,79,99,17.78,0.0,0.0
Prado,BR,2020-04-06 02:36:43,-17.34,-39.22,76.96,82,31,10.04,0.0,0.0
Rapid City,US,2020-04-06 02:35:30,44.08,-103.23,59.0,43,1,4.79,0.0,0.0
Khlevnoye,RU,2020-04-06 02:36:43,52.2,39.09,26.6,63,0,11.18,0.0,0.0
Timizart,DZ,2020-04-06 02:36:43,36.8,4.27,54.1,67,25,5.66,0.0,0.0
Nishihara,JP,2020-04-06 02:36:43,26.18,127.76,71.6,60,75,8.05,0.0,0.0
Torgau,DE,2020-04-06 02:36:43,51.57,13.0,43.0,52,0,4.7,0.0,0.0
Zemen,BG,2020-04-06 02:36:43,42.48,22.75,39.2,60,98,10.29,0.0,0.0
Basco,PH,2020-04-06 02:36:43,20.45,121.97,75.56,85,44,19.55,0.71,0.0
Pacifica,US,2020-04-06 02:36:43,37.61,-122.49,53.6,71,75,5.82,0.0,0.0
Buraydah,SA,2020-04-06 02:32:45,26.33,43.98,69.8,88,20,3.36,0.0,0.0
Beringovskiy,RU,2020-04-06 02:36:43,63.05,179.32,9.3,85,0,10.22,0.0,0.0
Komsomolskiy,UZ,2020-04-06 02:36:43,40.43,71.72,59.0,76,2,4.7,0.0,0.0
Manzhouli,CN,2020-04-06 02:36:43,49.6,117.43,39.22,41,0,14.0,0.0,0.0
Chake Chake,TZ,2020-04-06 02:36:43,-5.25,39.77,84.04,67,88,4.05,0.0,0.0
Walvis Bay,NA,2020-04-06 02:36:44,-22.96,14.51,61.0,87,26,6.93,0.0,0.0
Marzuq,YE,2020-04-06 02:36:44,14.4,46.47,69.37,25,0,2.3,0.0,0.0
Emerald,AU,2020-04-06 02:36:44,-23.53,148.17,82.99,28,0,10.29,0.0,0.0
Oxelosund,SE,2020-04-06 02:36:44,58.67,17.1,35.6,100,71,9.64,0.0,0.0
Vila Velha,BR,2020-04-06 02:34:17,-20.33,-40.29,71.6,88,75,3.36,0.0,0.0
Yelizovo,RU,2020-04-06 02:36:44,53.19,158.38,37.4,34,0,8.95,0.0,0.0
Itarema,BR,2020-04-06 02:36:44,-2.92,-39.92,78.58,86,77,6.13,0.14,0.0
Caloundra,AU,2020-04-06 02:36:44,-26.8,153.13,84.99,42,20,11.41,0.0,0.0
Springfield,US,2020-04-06 02:34:46,37.22,-93.3,57.2,82,90,4.7,0.0,0.0
Kelamangalam,IN,2020-04-06 02:36:44,12.6,77.85,77.0,73,77,3.36,0.0,0.0
Constitucion,CL,2020-04-06 02:36:44,-35.33,-72.42,56.95,61,0,12.39,0.0,0.0
Kirakira,SB,2020-04-06 02:36:44,-10.45,161.92,87.82,67,99,7.54,0.31,0.0
Silvan,TR,2020-04-06 02:36:44,38.14,41.01,53.6,87,75,5.82,0.0,0.0
Cayenne,GF,2020-04-06 02:32:42,4.93,-52.33,82.4,74,90,10.29,0.0,0.0
Quarai,BR,2020-04-06 02:36:45,-30.39,-56.45,71.37,50,100,5.35,0.0,0.0
San Agustin,MX,2020-04-06 02:36:45,20.53,-103.47,79.0,15,40,5.82,0.0,0.0
Antalaha,MG,2020-04-06 02:36:45,-14.9,50.28,75.79,84,7,11.88,0.0,0.0
Saint-Francois,FR,2020-04-06 02:36:45,46.42,3.91,46.0,69,0,2.24,0.0,0.0
Yermakovskoye,RU,2020-04-06 02:36:45,53.28,92.4,44.33,53,0,3.15,0.0,0.0
Blagoveshchenka,RU,2020-04-06 02:36:45,52.83,79.87,39.42,88,18,8.34,0.0,0.0
Elko,US,2020-04-06 02:35:43,41.0,-115.5,50.0,46,90,9.17,0.0,0.0
Weligama,LK,2020-04-06 02:36:45,5.97,80.42,85.1,64,0,3.44,0.0,0.0
Ileza,RU,2020-04-06 02:36:45,61.05,43.9,22.46,95,35,7.92,0.0,0.0
Dongsheng,CN,2020-04-06 02:36:45,39.82,109.98,53.94,23,58,0.76,0.0,0.0
Salinas,US,2020-04-06 02:35:32,36.68,-121.66,51.01,87,90,0.25,0.0,0.0
Boden,SE,2020-04-06 02:36:45,65.83,21.69,24.8,85,100,3.36,0.0,0.0
Sonoita,MX,2020-04-06 02:36:46,31.85,-112.83,70.0,22,42,1.99,0.0,0.0
Bogorodskoye,RU,2020-04-06 02:36:46,56.55,37.88,27.01,84,0,10.63,0.0,0.0
Boralday,KZ,2020-04-06 02:36:46,43.36,76.86,53.6,71,75,8.95,0.0,0.0
Biltine,TD,2020-04-06 02:36:46,14.53,20.92,80.55,13,52,8.75,0.0,0.0
Khromtau,KZ,2020-04-06 02:36:46,50.25,58.43,39.45,76,53,18.07,0.0,0.0
Shihezi,CN,2020-04-06 02:36:46,44.3,86.03,66.88,21,0,2.37,0.0,0.0
Skibbereen,IE,2020-04-06 02:36:46,51.55,-9.27,44.6,87,75,11.41,0.0,0.0
Balakhninskiy,RU,2020-04-06 02:36:46,58.01,114.28,31.64,81,100,4.27,0.0,0.19
Nipawin,CA,2020-04-06 02:36:46,53.37,-104.0,21.2,53,1,11.41,0.0,0.0
Jieshi,CN,2020-04-06 02:34:07,22.81,115.83,61.0,92,88,1.99,0.32,0.0
Bongandanga,CD,2020-04-06 02:36:46,1.5,21.05,70.3,84,100,1.97,0.23,0.0
Pauini,BR,2020-04-06 02:36:46,-7.71,-66.98,75.97,84,77,1.14,0.0,0.0
Naze,JP,2020-04-06 02:36:46,28.37,129.48,68.0,52,20,6.93,0.0,0.0
Luderitz,NA,2020-04-06 02:36:47,-26.65,15.16,53.6,100,13,1.12,0.0,0.0
Puerto Cabezas,NI,2020-04-06 02:36:47,14.04,-83.39,75.27,85,44,6.69,0.0,0.0
Skovorodino,RU,2020-04-06 02:36:47,53.98,123.92,34.59,66,0,13.22,0.0,0.0
Soure,BR,2020-04-06 02:36:47,-0.72,-48.52,79.74,87,88,9.37,1.07,0.0
Sakakah,SA,2020-04-06 02:36:47,29.97,40.21,71.6,24,52,5.82,0.0,0.0
Karratha,AU,2020-04-06 02:36:47,-20.74,116.85,88.9,40,97,7.99,0.0,0.0
Namatanai,PG,2020-04-06 02:36:47,-3.67,152.43,83.89,69,56,7.96,0.52,0.0
Fairbanks,US,2020-04-06 02:36:47,64.84,-147.72,33.8,91,75,21.92,0.0,0.0
Shimoda,JP,2020-04-06 02:36:47,34.67,138.95,57.2,54,20,6.93,0.0,0.0
Kholtoson,RU,2020-04-06 02:36:47,50.3,103.31,34.9,43,79,7.47,0.0,0.0
Paamiut,GL,2020-04-06 02:36:47,61.99,-49.67,23.92,89,100,8.72,0.0,0.0
Rabo De Peixe,PT,2020-04-06 02:36:48,37.8,-25.58,59.0,87,75,3.27,0.0,0.0
Denpasar,ID,2020-04-06 02:33:27,-8.65,115.22,86.0,89,40,4.7,0.0,0.0
Rocha,UY,2020-04-06 02:36:48,-34.48,-54.33,63.9,69,100,6.15,0.0,0.0
Mwinilunga,ZM,2020-04-06 02:36:48,-11.74,24.43,62.74,62,100,1.52,0.2,0.0
Eureka,US,2020-04-06 02:32:44,40.8,-124.16,51.8,66,75,10.29,0.0,0.0
Abohar,IN,2020-04-06 02:36:48,30.15,74.18,79.48,29,0,2.04,0.0,0.0
Tezu,IN,2020-04-06 02:36:48,27.92,96.17,86.38,17,87,2.21,0.0,0.0
Buzmeyin,TM,2020-04-06 02:36:48,38.05,58.21,51.8,87,90,9.17,0.0,0.0
The Valley,AI,2020-04-06 02:36:48,18.22,-63.06,82.99,74,75,6.93,0.0,0.0
Omboue,GA,2020-04-06 02:36:48,-1.57,9.26,79.56,90,59,5.23,0.23,0.0
Krasnyy Kut,RU,2020-04-06 02:36:48,50.95,46.97,36.01,78,84,5.41,0.0,0.0
Trincomalee,LK,2020-04-06 02:36:48,8.57,81.23,84.0,68,7,3.96,0.0,0.0
Bagdarin,RU,2020-04-06 02:36:48,54.43,113.6,35.76,44,0,4.38,0.0,0.0
Kotaparh,IN,2020-04-06 02:36:48,19.15,82.35,89.33,22,1,1.5,0.0,0.0
Tibu,CO,2020-04-06 02:36:49,8.64,-72.74,77.77,86,100,1.32,5.92,0.0
Makat,KZ,2020-04-06 02:36:49,47.65,53.35,47.64,79,78,7.36,0.0,0.0
Kabwe,ZM,2020-04-06 02:36:49,-14.45,28.45,59.43,62,35,2.3,0.0,0.0
Benguela,AO,2020-04-06 02:36:49,-12.58,13.41,75.9,86,0,2.71,0.0,0.0
Davila,PH,2020-04-06 02:36:49,18.47,120.58,86.0,66,75,8.05,0.0,0.0
Dudinka,RU,2020-04-06 02:36:49,69.41,86.18,32.0,99,75,22.37,0.0,0.0
Cutervo,PE,2020-04-06 02:36:49,-6.38,-78.82,53.33,50,80,2.44,0.48,0.0
Key West,US,2020-04-06 02:36:49,24.56,-81.78,80.01,78,1,6.93,0.0,0.0
Siparia,TT,2020-04-06 02:36:49,10.13,-61.5,80.01,83,20,6.93,0.0,0.0
Ahlat,TR,2020-04-06 02:36:49,38.75,42.48,42.08,40,100,1.95,0.0,0.0
Pitimbu,BR,2020-04-06 02:36:49,-7.47,-34.81,78.8,94,20,3.36,0.0,0.0
Alihe,CN,2020-04-06 02:36:49,50.57,123.72,37.35,49,0,13.09,0.0,0.0
Powell,US,2020-04-06 02:36:49,40.16,-83.08,48.2,81,1,6.93,0.0,0.0
San Antonio,US,2020-04-06 02:36:50,29.42,-98.49,68.0,82,90,4.7,0.0,0.0
Morgan City,US,2020-04-06 02:36:50,29.7,-91.21,70.0,73,1,4.7,0.0,0.0
Chumikan,RU,2020-04-06 02:36:50,54.72,135.31,31.91,97,100,3.98,0.0,1.04
